9.952327609062194824e-01,4.767184145748615265e-03
9.860068559646606445e-01,1.399312168359756470e-02
1.350406836718320847e-02,9.864959120750427246e-01
9.992469549179077148e-01,7.530869334004819393e-04
1.550087356008589268e-03,9.984499216079711914e-01
2.140203304588794708e-02,9.785979390144348145e-01
3.178107144776731730e-04,9.996821880340576172e-01
2.243355120299383998e-04,9.997757077217102051e-01
9.821389913558959961e-01,1.786104775965213776e-02
1.125690117478370667e-01,8.874309659004211426e-01
1.720024329188163392e-06,9.999983310699462891e-01
7.297179698944091797e-01,2.702820301055908203e-01
9.428039193153381348e-01,5.719609558582305908e-02
1.525892037898302078e-02,9.847410321235656738e-01
2.587613607829553075e-06,9.999973773956298828e-01
1.391253434121608734e-02,9.860875010490417480e-01
1.572003513574600220e-01,8.427997231483459473e-01
4.487847945711109787e-06,9.999954700469970703e-01
9.005122168781465319e-12,1.000000000000000000e+00
4.960291553288698196e-03,9.950397610664367676e-01
7.809730768203735352e-01,2.190270125865936279e-01
9.956920742988586426e-01,4.307953640818595886e-03
2.020709365606307983e-01,7.979291081428527832e-01
2.187981158494949341e-01,7.812018394470214844e-01
1.296475296840071678e-03,9.987034797668457031e-01
1.045037433505058289e-01,8.954963088035583496e-01
4.769866913557052612e-02,9.523013234138488770e-01
1.672318391501903534e-02,9.832768440246582031e-01
3.549249186107772402e-06,9.999964237213134766e-01
4.577730894088745117e-01,5.422269105911254883e-01
6.882495880126953125e-01,3.117504417896270752e-01
9.977295994758605957e-01,2.270447323098778725e-03
7.828083038330078125e-01,2.171917706727981567e-01
9.518366456031799316e-01,4.816332459449768066e-02
8.576571941375732422e-02,9.142342805862426758e-01
9.616603851318359375e-01,3.833952918648719788e-02
1.002069795504212379e-03,9.989979863166809082e-01
8.886364230420440435e-05,9.999110698699951172e-01
8.928256034851074219e-01,1.071743741631507874e-01
2.262357994914054871e-02,9.773764610290527344e-01
9.346285369247198105e-04,9.990653395652770996e-01
9.991016387939453125e-01,8.983719744719564915e-04
3.328459861222654581e-04,9.996671676635742188e-01
3.339787326694931835e-06,9.999966621398925781e-01
4.885384114459156990e-04,9.995114803314208984e-01
2.821181624312885106e-05,9.999717473983764648e-01
7.953420322337478865e-07,9.999991655349731445e-01
9.644638895988464355e-01,3.553614392876625061e-02
1.441586464643478394e-01,8.558413982391357422e-01
9.978693723678588867e-01,2.130576176568865776e-03
3.923904150724411011e-03,9.960760474205017090e-01
7.253905758261680603e-03,9.927460551261901855e-01
2.779076434671878815e-02,9.722092151641845703e-01
1.500241924077272415e-03,9.984997510910034180e-01
9.210565090179443359e-01,7.894342392683029175e-02
5.255482792854309082e-01,4.744516909122467041e-01
8.323042392730712891e-01,1.676957905292510986e-01
1.807958483368565794e-06,9.999982118606567383e-01
6.415060162544250488e-01,3.584939539432525635e-01
8.711843490600585938e-01,1.288156956434249878e-01
3.441468288656324148e-05,9.999655485153198242e-01
9.921433925628662109e-01,7.856560871005058289e-03
9.903851747512817383e-01,9.614844806492328644e-03
9.477543830871582031e-01,5.224568769335746765e-02
9.995088577270507812e-01,4.911157302558422089e-04
7.669476270675659180e-01,2.330523431301116943e-01
1.673212158493697643e-03,9.983268380165100098e-01
9.078792333602905273e-01,9.212081879377365112e-02
9.996833801269531250e-01,3.166412061545997858e-04
3.476434350013732910e-01,6.523565649986267090e-01
1.717537969625482219e-07,9.999998807907104492e-01
2.879410088062286377e-01,7.120589613914489746e-01
1.112382506107678637e-05,9.999889135360717773e-01
7.384606003761291504e-01,2.615393996238708496e-01
9.984133243560791016e-01,1.586697064340114594e-03
3.875848506140755489e-06,9.999960660934448242e-01
9.933537244796752930e-01,6.646286230534315109e-03
5.612525716423988342e-02,9.438747167587280273e-01
1.949495226144790649e-01,8.050504326820373535e-01
9.681567549705505371e-01,3.184319287538528442e-02
9.454404115676879883e-01,5.455957725644111633e-02
2.513840235769748688e-02,9.748616218566894531e-01
1.003750637173652649e-01,8.996250033378601074e-01
9.866440892219543457e-01,1.335590798407793045e-02
9.998047947883605957e-01,1.952738093677908182e-04
9.951931238174438477e-01,4.806875251233577728e-03
1.866501406766474247e-03,9.981334805488586426e-01
9.996153116226196289e-01,3.847182088065892458e-04
9.149642586708068848e-01,8.503581583499908447e-02
1.933041363954544067e-01,8.066958189010620117e-01
6.662060513917822391e-06,9.999933242797851562e-01
2.660905010998249054e-06,9.999973773956298828e-01
6.764054414816200733e-04,9.993236064910888672e-01
5.731479614041745663e-04,9.994268417358398438e-01
9.998909235000610352e-01,1.091139492928050458e-04
1.760381564963608980e-05,9.999823570251464844e-01
9.995316267013549805e-01,4.684484447352588177e-04
1.197496057869784636e-08,1.000000000000000000e+00
6.814905209466814995e-04,9.993184804916381836e-01
2.214147709310054779e-03,9.977858066558837891e-01
3.202673542546108365e-05,9.999679327011108398e-01
1.649221559318903019e-07,9.999998807907104492e-01
1.287681470785173588e-06,9.999986886978149414e-01
9.999872446060180664e-01,1.275304566661361605e-05
9.949319958686828613e-01,5.067962221801280975e-03
1.214116998016834259e-02,9.878588318824768066e-01
2.720356453210115433e-03,9.972796440124511719e-01
1.182622276246547699e-03,9.988173842430114746e-01
1.121232286095619202e-01,8.878767490386962891e-01
1.070500165224075317e-01,8.929499983787536621e-01
9.584398008882999420e-03,9.904155731201171875e-01
4.988506436347961426e-02,9.501149058341979980e-01
8.566693067550659180e-01,1.433306485414505005e-01
9.990317821502685547e-01,9.682337986305356026e-04
9.996091723442077637e-01,3.908860671799629927e-04
9.985024929046630859e-01,1.497547142207622528e-03
1.169451884925365448e-02,9.883054494857788086e-01
9.774025082588195801e-01,2.259748801589012146e-02
1.484213953517610207e-06,9.999985694885253906e-01
3.029013574123382568e-01,6.970986723899841309e-01
9.982840418815612793e-01,1.715988037176430225e-03
4.913376178592443466e-04,9.995086193084716797e-01
2.284326037624850869e-04,9.997715353965759277e-01
9.977217316627502441e-01,2.278271364048123360e-03
1.800840436771977693e-05,9.999819993972778320e-01
7.580726873129606247e-03,9.924192428588867188e-01
5.208307411521673203e-04,9.994792342185974121e-01
7.573550101369619370e-05,9.999243021011352539e-01
9.235859513282775879e-01,7.641404122114181519e-02
1.462706450183759443e-06,9.999985694885253906e-01
3.903972974512726068e-04,9.996096491813659668e-01
1.098935143090784550e-03,9.989010095596313477e-01
3.036515863641398028e-06,9.999970197677612305e-01
6.156472023576498032e-03,9.938435554504394531e-01
2.904785796999931335e-03,9.970952272415161133e-01
9.920136332511901855e-01,7.986396551132202148e-03
4.053171949180978118e-07,9.999996423721313477e-01
1.024208904709666967e-04,9.998975992202758789e-01
9.846744537353515625e-01,1.532557047903537750e-02
9.980084300041198730e-01,1.991571160033345222e-03
7.825366258621215820e-01,2.174633890390396118e-01
1.359035670757293701e-01,8.640964031219482422e-01
9.875487089157104492e-01,1.245126500725746155e-02
9.780754446983337402e-01,2.192449569702148438e-02
9.934288859367370605e-01,6.571049802005290985e-03
9.676571488380432129e-01,3.234283998608589172e-02
3.082747161388397217e-01,6.917253136634826660e-01
3.810225450706639094e-07,9.999996423721313477e-01
1.448558759875595570e-03,9.985514283180236816e-01
1.947625059983693063e-05,9.999805688858032227e-01
9.667246341705322266e-01,3.327535092830657959e-02
2.987081026972759901e-09,1.000000000000000000e+00
3.488099947571754456e-02,9.651190042495727539e-01
5.061260890215635300e-03,9.949387311935424805e-01
2.546351752243936062e-04,9.997453093528747559e-01
1.540529524390876759e-06,9.999984502792358398e-01
5.740195978432893753e-03,9.942598342895507812e-01
5.680895469595270697e-07,9.999994039535522461e-01
8.442625403404235840e-01,1.557374298572540283e-01
9.975288510322570801e-01,2.471138257533311844e-03
9.990383386611938477e-01,9.617057512514293194e-04
7.803909946233034134e-03,9.921960830688476562e-01
4.652676880359649658e-01,5.347323417663574219e-01
1.050584069162141532e-05,9.999895095825195312e-01
4.936170578002929688e-02,9.506382942199707031e-01
1.291687367483973503e-04,9.998707771301269531e-01
1.123122001445153728e-05,9.999887943267822266e-01
3.814526135101914406e-04,9.996185302734375000e-01
1.732754572003614157e-05,9.999827146530151367e-01
9.986091256141662598e-01,1.390873687341809273e-03
7.721046451479196548e-03,9.922789335250854492e-01
9.969093203544616699e-01,3.090729238465428352e-03
9.681180235929787159e-04,9.990319013595581055e-01
9.534761905670166016e-01,4.652384296059608459e-02
3.523142635822296143e-01,6.476857066154479980e-01
9.979183077812194824e-01,2.081689657643437386e-03
5.306624341756105423e-03,9.946933388710021973e-01
9.281261265277862549e-02,9.071874618530273438e-01
9.563331007957458496e-01,4.366687685251235962e-02
9.852185845375061035e-01,1.478144992142915726e-02
9.199959784746170044e-02,9.080004096031188965e-01
6.109301373362541199e-02,9.389069676399230957e-01
5.261450719551419297e-10,1.000000000000000000e+00
2.060353755950927734e-03,9.979396462440490723e-01
3.913755541873342736e-09,1.000000000000000000e+00
2.608664544823113829e-05,9.999738931655883789e-01
3.245624247938394547e-03,9.967543482780456543e-01
3.717516676715604262e-07,9.999996423721313477e-01
9.726575016975402832e-01,2.734252065420150757e-02
6.001754105091094971e-02,9.399824142456054688e-01
9.980879426002502441e-01,1.912002218887209892e-03
1.753856092691421509e-01,8.246144056320190430e-01
7.589534652652218938e-05,9.999240636825561523e-01
8.992273807525634766e-01,1.007725745439529419e-01
6.547726570715894923e-06,9.999934434890747070e-01
9.997346997261047363e-01,2.652328112162649632e-04
2.877583503723144531e-01,7.122415900230407715e-01
9.849072247743606567e-02,9.015092849731445312e-01
9.996028542518615723e-01,3.971226105932146311e-04
4.870700836181640625e-02,9.512929916381835938e-01
9.669050574302673340e-01,3.309495002031326294e-02
6.280096386035438627e-06,9.999936819076538086e-01
9.991086125373840332e-01,8.913793135434389114e-04
5.632215334117063321e-07,9.999994039535522461e-01
5.747434124350547791e-02,9.425256252288818359e-01
8.751755356788635254e-01,1.248245462775230408e-01
1.029725838452577591e-02,9.897027611732482910e-01
1.195973251014947891e-03,9.988039731979370117e-01
9.952326416969299316e-01,4.767306149005889893e-03
1.166900806128978729e-02,9.883310198783874512e-01
6.523139774799346924e-03,9.934769272804260254e-01
4.709003675884559925e-08,1.000000000000000000e+00
2.388983557466417551e-04,9.997610449790954590e-01
1.270513087511062622e-01,8.729487657546997070e-01
2.838959172368049622e-02,9.716103672981262207e-01
1.533302217721939087e-01,8.466697931289672852e-01
8.234681934118270874e-02,9.176531434059143066e-01
8.614313602447509766e-01,1.385686248540878296e-01
1.268641673959791660e-03,9.987313151359558105e-01
1.985333510674536228e-04,9.998014569282531738e-01
2.403469079581554979e-05,9.999759197235107422e-01
3.059551119804382324e-01,6.940449476242065430e-01
8.400036313105374575e-05,9.999159574508666992e-01
9.981434345245361328e-01,1.856619026511907578e-03
9.998730421066284180e-01,1.268902415176853538e-04
3.367478260770440102e-03,9.966325163841247559e-01
9.959081411361694336e-01,4.091905895620584488e-03
8.154111504554748535e-01,1.845888495445251465e-01
9.688565731048583984e-01,3.114350140094757080e-02
9.998940229415893555e-01,1.059372807503677905e-04
3.006952174473553896e-04,9.996993541717529297e-01
9.958801269531250000e-01,4.119834396988153458e-03
9.514812827110290527e-01,4.851870238780975342e-02
9.998860359191894531e-01,1.139662272180430591e-04
2.507195404177764431e-06,9.999974966049194336e-01
6.032536551356315613e-02,9.396746158599853516e-01
9.995355606079101562e-01,4.644881701096892357e-04
2.972565591335296631e-03,9.970274567604064941e-01
7.584912236779928207e-05,9.999241828918457031e-01
6.924480795860290527e-01,3.075519800186157227e-01
9.999920129776000977e-01,7.938908311189152300e-06
9.948069453239440918e-01,5.193121265619993210e-03
3.413040872146666516e-08,1.000000000000000000e+00
4.890317562967538834e-03,9.951096177101135254e-01
2.868177890777587891e-01,7.131822705268859863e-01
9.934356212615966797e-01,6.564404815435409546e-03
7.869231104850769043e-01,2.130768746137619019e-01
8.089956099865958095e-05,9.999190568923950195e-01
9.642198085784912109e-01,3.578019514679908752e-02
1.860351767390966415e-05,9.999814033508300781e-01
7.447126790793845430e-07,9.999992847442626953e-01
9.851382970809936523e-01,1.486178580671548843e-02
9.994987249374389648e-01,5.012925248593091965e-04
2.430816143751144409e-01,7.569183111190795898e-01
2.766236960887908936e-01,7.233763933181762695e-01
4.402864575386047363e-01,5.597135424613952637e-01
2.121142020708455256e-12,1.000000000000000000e+00
8.211052627302706242e-04,9.991788268089294434e-01
3.894360875444924375e-11,1.000000000000000000e+00
9.761396050453186035e-01,2.386035956442356110e-02
9.909000396728515625e-01,9.099923074245452881e-03
1.538243424147367477e-02,9.846175909042358398e-01
9.998277425765991211e-01,1.722399902064353228e-04
9.903532266616821289e-01,9.646767750382423401e-03
5.476546357385814190e-04,9.994522929191589355e-01
5.135751416673883796e-05,9.999486207962036133e-01
9.855372809397522360e-06,9.999901056289672852e-01
5.200939540372928604e-06,9.999947547912597656e-01
9.881250858306884766e-01,1.187488250434398651e-02
6.767535209655761719e-02,9.323246479034423828e-01
1.184708438813686371e-02,9.881529211997985840e-01
2.795725595206022263e-03,9.972042441368103027e-01
3.361864387989044189e-01,6.638135910034179688e-01
9.980208873748779297e-01,1.979158259928226471e-03
2.070759050548076630e-02,9.792923927307128906e-01
5.305743813514709473e-01,4.694256186485290527e-01
6.155348420143127441e-01,3.844651579856872559e-01
5.062047421233728528e-05,9.999493360519409180e-01
9.084916114807128906e-02,9.091507792472839355e-01
6.236595595510152634e-08,9.999998807907104492e-01
1.823903062359022442e-06,9.999982118606567383e-01
9.996469020843505859e-01,3.530725080054253340e-04
1.590848341948003508e-08,1.000000000000000000e+00
4.975015297532081604e-03,9.950249791145324707e-01
1.097208703868091106e-03,9.989027976989746094e-01
6.394993513822555542e-02,9.360500574111938477e-01
9.763195514678955078e-01,2.368043921887874603e-02
3.438557032495737076e-04,9.996562004089355469e-01
1.169788811239413917e-05,9.999883174896240234e-01
7.730108220130205154e-03,9.922698736190795898e-01
9.948451519012451172e-01,5.154793616384267807e-03
9.899326562881469727e-01,1.006733626127243042e-02
9.963297247886657715e-01,3.670234465971589088e-03
1.101314425468444824e-01,8.898684978485107422e-01
1.087176986038684845e-02,9.891282916069030762e-01
6.277821285038953647e-06,9.999936819076538086e-01
2.034891955554485321e-02,9.796510338783264160e-01
9.997301697731018066e-01,2.697999880183488131e-04
1.677177399396896362e-01,8.322822451591491699e-01
9.762634634971618652e-01,2.373651415109634399e-02
9.311582446098327637e-01,6.884174048900604248e-02
1.398156136274337769e-01,8.601844310760498047e-01
9.202626824844628572e-05,9.999079704284667969e-01
1.812437735497951508e-02,9.818755984306335449e-01
9.981194138526916504e-01,1.880559721030294895e-03
4.683797669713385403e-06,9.999953508377075195e-01
9.966231584548950195e-01,3.376875771209597588e-03
1.711171120405197144e-01,8.288828730583190918e-01
5.369217395782470703e-01,4.630782306194305420e-01
2.298485487699508667e-02,9.770151376724243164e-01
6.733003101544454694e-05,9.999326467514038086e-01
2.451267209835350513e-05,9.999754428863525391e-01
1.248540938831865788e-03,9.987514019012451172e-01
4.460978880524635315e-02,9.553902149200439453e-01
2.518656849861145020e-02,9.748134613037109375e-01
8.170209527015686035e-01,1.829790920019149780e-01
8.814401626586914062e-01,1.185597777366638184e-01
9.840776920318603516e-01,1.592225208878517151e-02
1.544401645660400391e-01,8.455598354339599609e-01
1.578905648784711957e-04,9.998420476913452148e-01
2.882456639781594276e-03,9.971175193786621094e-01
3.263120651245117188e-01,6.736879348754882812e-01
6.059891311451792717e-04,9.993940591812133789e-01
2.049085293803765140e-12,1.000000000000000000e+00
9.982190728187561035e-01,1.780881779268383980e-03
4.542549868347123265e-05,9.999545812606811523e-01
9.986892342567443848e-01,1.310750492848455906e-03
1.660857535898685455e-02,9.833914041519165039e-01
4.591499269008636475e-01,5.408501029014587402e-01
9.999151229858398438e-01,8.487349987262859941e-05
9.786083410290302709e-07,9.999990463256835938e-01
1.347390264272689819e-01,8.652609586715698242e-01
9.849345684051513672e-01,1.506537292152643204e-02
1.176215300802141428e-05,9.999881982803344727e-01
9.910881519317626953e-01,8.911880664527416229e-03
4.316798411309719086e-03,9.956831932067871094e-01
2.364252805709838867e-01,7.635747194290161133e-01
4.965739790350198746e-03,9.950342178344726562e-01
9.569119811058044434e-01,4.308806732296943665e-02
3.243407234549522400e-02,9.675659537315368652e-01
2.901550233364105225e-01,7.098450064659118652e-01
1.232415512204170227e-01,8.767583966255187988e-01
9.816778302192687988e-01,1.832216233015060425e-02
9.990265369415283203e-01,9.734134073369204998e-04
2.089463669108226895e-05,9.999791383743286133e-01
4.074456393718719482e-01,5.925543904304504395e-01
9.909755587577819824e-01,9.024492464959621429e-03
6.277411710470914841e-03,9.937226176261901855e-01
4.730243235826492310e-03,9.952697157859802246e-01
8.220928293667384423e-07,9.999991655349731445e-01
1.218402758240699768e-06,9.999988079071044922e-01
9.905998110771179199e-01,9.400215931236743927e-03
9.953131675720214844e-01,4.686773288995027542e-03
6.683256030082702637e-01,3.316743969917297363e-01
9.837820529937744141e-01,1.621795073151588440e-02
6.927106296643614769e-04,9.993072748184204102e-01
9.999969005584716797e-01,3.069892727580736391e-06
1.118859654525294900e-05,9.999887943267822266e-01
2.817941822286229581e-05,9.999718666076660156e-01
9.283930659294128418e-01,7.160695642232894897e-02
8.211311697959899902e-02,9.178869128227233887e-01
2.267083982587791979e-05,9.999773502349853516e-01
9.004086852073669434e-01,9.959127753973007202e-02
9.759497046470642090e-01,2.405027300119400024e-02
9.956285953521728516e-01,4.371431656181812286e-03
9.749266505241394043e-01,2.507333643734455109e-02
6.251875674934126437e-07,9.999994039535522461e-01
7.209462804524946478e-09,1.000000000000000000e+00
6.539425849914550781e-01,3.460573852062225342e-01
9.955718517303466797e-01,4.428072832524776459e-03
9.842797517776489258e-01,1.572025753557682037e-02
9.622401557862758636e-05,9.999037981033325195e-01
9.523379802703857422e-01,4.766206070780754089e-02
8.748397522140294313e-05,9.999125003814697266e-01
8.112855539366137236e-06,9.999918937683105469e-01
9.932118654251098633e-01,6.788105703890323639e-03
9.917213320732116699e-01,8.278590627014636993e-03
2.335468263225948249e-09,1.000000000000000000e+00
9.993121623992919922e-01,6.878878921270370483e-04
9.952073693275451660e-01,4.792616702616214752e-03
7.555722159047206787e-10,1.000000000000000000e+00
9.999682903289794922e-01,3.170377385686151683e-05
3.605426002195599722e-08,1.000000000000000000e+00
1.485394537448883057e-01,8.514605164527893066e-01
9.987700581550598145e-01,1.229935907758772373e-03
4.387162334751337767e-06,9.999955892562866211e-01
1.604031175374984741e-01,8.395968675613403320e-01
2.888597373384982347e-05,9.999711513519287109e-01
9.845647811889648438e-01,1.543519366532564163e-02
9.955175518989562988e-01,4.482414107769727707e-03
2.354697557166218758e-03,9.976453185081481934e-01
8.095451593399047852e-01,1.904548257589340210e-01
9.989649057388305664e-01,1.035037566907703876e-03
9.993674159049987793e-01,6.325662834569811821e-04
3.527225255966186523e-01,6.472774147987365723e-01
4.400100124257733114e-07,9.999995231628417969e-01
1.459606736898422241e-01,8.540393114089965820e-01
2.597129940986633301e-01,7.402870059013366699e-01
7.806002628058195114e-03,9.921939373016357422e-01
1.104166917502880096e-02,9.889583587646484375e-01
2.106663643530737318e-08,1.000000000000000000e+00
9.946514964103698730e-01,5.348478909581899643e-03
9.869768023490905762e-01,1.302318647503852844e-02
9.968546032905578613e-01,3.145419992506504059e-03
2.010268270969390869e-01,7.989732027053833008e-01
9.996020197868347168e-01,3.980058827437460423e-04
9.793388247489929199e-01,2.066113986074924469e-02
9.987836480140686035e-01,1.216326607391238213e-03
7.832943201065063477e-01,2.167056947946548462e-01
4.886438837274909019e-04,9.995113611221313477e-01
1.046136859804391861e-02,9.895386695861816406e-01
9.227526783943176270e-01,7.724727690219879150e-02
9.535126090049743652e-01,4.648744687438011169e-02
9.931861162185668945e-01,6.813849788159132004e-03
1.770646194927394390e-04,9.998229146003723145e-01
3.729752898216247559e-01,6.270247101783752441e-01
9.199717396768392064e-07,9.999990463256835938e-01
3.135698614642024040e-03,9.968642592430114746e-01
9.998714923858642578e-01,1.284984755329787731e-04
9.986282587051391602e-01,1.371736172586679459e-03
2.246205955743789673e-01,7.753794193267822266e-01
8.845811486244201660e-01,1.154188588261604309e-01
9.928298592567443848e-01,7.170212455093860626e-03
1.076243663078457757e-07,9.999998807907104492e-01
9.966310858726501465e-01,3.368922043591737747e-03
8.876574784517288208e-02,9.112343192100524902e-01
4.005558788776397705e-02,9.599444270133972168e-01
1.354219019412994385e-01,8.645781278610229492e-01
2.493699139449745417e-04,9.997506737709045410e-01
9.955499172210693359e-01,4.450079984962940216e-03
1.262772679328918457e-01,8.737226724624633789e-01
9.054359543370082974e-05,9.999094009399414062e-01
9.793693199753761292e-03,9.902063012123107910e-01
6.634247256442904472e-04,9.993365406990051270e-01
9.355322718620300293e-01,6.446775048971176147e-02
9.948596954345703125e-01,5.140332970768213272e-03
7.402269402518868446e-04,9.992597699165344238e-01
1.454886023566359654e-05,9.999854564666748047e-01
1.327668898738920689e-03,9.986723661422729492e-01
4.331544339656829834e-01,5.668455362319946289e-01
8.697045850567519665e-04,9.991303086280822754e-01
1.044599935412406921e-01,8.955399990081787109e-01
4.686233028769493103e-02,9.531376361846923828e-01
1.018993771140230820e-06,9.999989271163940430e-01
1.960587724170181900e-05,9.999804496765136719e-01
9.248960018157958984e-01,7.510399818420410156e-02
9.996732473373413086e-01,3.268023137934505939e-04
9.960427284240722656e-01,3.957298118621110916e-03
8.411981463432312012e-01,1.588018685579299927e-01
1.396659314632415771e-01,8.603340387344360352e-01
1.273843164284471641e-08,1.000000000000000000e+00
1.159071326255798340e-01,8.840928673744201660e-01
5.691221449524164200e-04,9.994308352470397949e-01
2.630261480808258057e-01,7.369738817214965820e-01
9.980140924453735352e-01,1.985877519473433495e-03
4.154184162616729736e-01,5.845814943313598633e-01
6.171689019538462162e-04,9.993828535079956055e-01
4.621047992259263992e-06,9.999953508377075195e-01
6.466816994361579418e-04,9.993533492088317871e-01
2.548647171352058649e-05,9.999744892120361328e-01
3.083814226556569338e-05,9.999691247940063477e-01
1.462216023355722427e-02,9.853777885437011719e-01
9.381225109100341797e-01,6.187751144170761108e-02
7.228935032799199689e-07,9.999992847442626953e-01
4.402340948581695557e-02,9.559766650199890137e-01
1.416079385307966731e-06,9.999985694885253906e-01
9.970398545265197754e-01,2.960167592391371727e-03
4.243674993631429970e-05,9.999575614929199219e-01
1.150469947606325150e-02,9.884952306747436523e-01
2.407520264387130737e-01,7.592479586601257324e-01
1.292388862594862076e-08,1.000000000000000000e+00
7.467619776725769043e-01,2.532379925251007080e-01
7.501459094783058390e-06,9.999924898147583008e-01
5.971843842417001724e-03,9.940282106399536133e-01
1.263248920440673828e-01,8.736751079559326172e-01
1.463909284211695194e-03,9.985361099243164062e-01
1.025947555899620056e-01,8.974052667617797852e-01
8.744956851005554199e-01,1.255042403936386108e-01
1.910805120132863522e-03,9.980891346931457520e-01
9.986677169799804688e-01,1.332282088696956635e-03
8.167061605490744114e-04,9.991832375526428223e-01
2.087519504129886627e-02,9.791248440742492676e-01
5.307970951662355219e-09,1.000000000000000000e+00
8.591610821895301342e-06,9.999914169311523438e-01
2.741083804380650690e-09,1.000000000000000000e+00
2.502020812755745283e-08,1.000000000000000000e+00
9.978495836257934570e-01,2.150406828150153160e-03
8.729569315910339355e-01,1.270430833101272583e-01
7.893189322203397751e-04,9.992105960845947266e-01
8.306084275245666504e-01,1.693915426731109619e-01
9.911738038063049316e-01,8.826213888823986053e-03
2.097061405947897583e-05,9.999790191650390625e-01
2.016952447593212128e-02,9.798305034637451172e-01
3.195563852787017822e-01,6.804435849189758301e-01
8.768582716584205627e-03,9.912313818931579590e-01
8.614912803750485182e-05,9.999138116836547852e-01
9.585708975791931152e-01,4.142917320132255554e-02
2.573055215179920197e-03,9.974269270896911621e-01
4.550593439489603043e-03,9.954493641853332520e-01
1.466502994298934937e-01,8.533497452735900879e-01
4.919177081319503486e-05,9.999507665634155273e-01
9.634172320365905762e-01,3.658273816108703613e-02
9.859134554862976074e-01,1.408650819212198257e-02
9.917860627174377441e-01,8.213957771658897400e-03
1.834094058722257614e-03,9.981659054756164551e-01
4.930362850427627563e-02,9.506963491439819336e-01
3.602167416829615831e-04,9.996397495269775391e-01
9.885822534561157227e-01,1.141777448356151581e-02
9.670951962471008301e-01,3.290480747818946838e-02
2.603484608698636293e-04,9.997395873069763184e-01
3.335377130042616045e-08,1.000000000000000000e+00
9.552673101425170898e-01,4.473276436328887939e-02
8.163434267044067383e-01,1.836566030979156494e-01
9.977152347564697266e-01,2.284757560119032860e-03
6.622432010772172362e-06,9.999933242797851562e-01
7.722495198249816895e-01,2.277505099773406982e-01
1.191644929349422455e-03,9.988083839416503906e-01
1.155323934654006734e-05,9.999884366989135742e-01
8.494663238525390625e-01,1.505337208509445190e-01
7.664731144905090332e-02,9.233526587486267090e-01
9.966738224029541016e-01,3.326159203425049782e-03
6.490567466244101524e-04,9.993509650230407715e-01
6.980970036238431931e-03,9.930190443992614746e-01
2.944092848338186741e-04,9.997056126594543457e-01
8.549683094024658203e-01,1.450317054986953735e-01
1.413279026746749878e-01,8.586720824241638184e-01
1.958895591087639332e-04,9.998040795326232910e-01
8.811016678810119629e-01,1.188983395695686340e-01
2.026953250169754028e-01,7.973046302795410156e-01
1.587946608196943998e-04,9.998412132263183594e-01
9.751964807510375977e-01,2.480355836451053619e-02
1.493726372718811035e-01,8.506273627281188965e-01
9.197662025690078735e-02,9.080234169960021973e-01
4.130241572856903076e-01,5.869758725166320801e-01
3.399159079209290724e-11,1.000000000000000000e+00
1.058533671312034130e-03,9.989414811134338379e-01
1.736427948344498873e-04,9.998263716697692871e-01
1.467056013643741608e-02,9.853294491767883301e-01
9.608206748962402344e-01,3.917929530143737793e-02
1.942299306392669678e-03,9.980576634407043457e-01
7.047188468277454376e-03,9.929527640342712402e-01
1.814551360439509153e-04,9.998186230659484863e-01
3.372665122151374817e-02,9.662733078002929688e-01
8.083282969892024994e-03,9.919167160987854004e-01
1.028531696647405624e-03,9.989714622497558594e-01
7.777574658393859863e-01,2.222425788640975952e-01
1.628081176818785281e-11,1.000000000000000000e+00
9.999250173568725586e-01,7.497080514440312982e-05
1.778880402980576036e-07,9.999998807907104492e-01
6.031274551787646487e-06,9.999939203262329102e-01
7.133885473012924194e-02,9.286611080169677734e-01
1.189925801008939743e-02,9.881007671356201172e-01
1.427270472049713135e-01,8.572729825973510742e-01
9.188726544380187988e-03,9.908113479614257812e-01
4.384712665341794491e-04,9.995614886283874512e-01
4.028867461869367617e-09,1.000000000000000000e+00
5.419253371655941010e-03,9.945806860923767090e-01
8.742079138755798340e-01,1.257921159267425537e-01
5.201440671953605488e-06,9.999947547912597656e-01
9.293162822723388672e-01,7.068378478288650513e-02
7.823049426078796387e-01,2.176950722932815552e-01
1.180651970207691193e-02,9.881934523582458496e-01
9.823317527770996094e-01,1.766833290457725525e-02
9.994614720344543457e-01,5.385099211707711220e-04
7.887750267982482910e-01,2.112250179052352905e-01
9.994810223579406738e-01,5.190247902646660805e-04
1.452888734638690948e-02,9.854711294174194336e-01
3.769497200846672058e-02,9.623050093650817871e-01
1.023976728320121765e-01,8.976023197174072266e-01
1.838636212050914764e-02,9.816136360168457031e-01
5.481048788169573527e-07,9.999994039535522461e-01
4.815303981304168701e-01,5.184696316719055176e-01
1.267911216018546838e-06,9.999986886978149414e-01
7.085895425973376405e-09,1.000000000000000000e+00
9.988652467727661133e-01,1.134761725552380085e-03
4.496176188695244491e-06,9.999954700469970703e-01
9.797184467315673828e-01,2.028152346611022949e-02
4.893641546368598938e-02,9.510635733604431152e-01
8.511176929459907115e-06,9.999915361404418945e-01
1.531041599810123444e-02,9.846895933151245117e-01
9.998711347579956055e-01,1.288646308239549398e-04
7.392432507913326845e-06,9.999926090240478516e-01
9.997105002403259277e-01,2.894537756219506264e-04
9.946139454841613770e-01,5.386082455515861511e-03
1.622415438760071993e-04,9.998377561569213867e-01
1.361115574836730957e-01,8.638884425163269043e-01
9.975976347923278809e-01,2.402339829131960869e-03
9.950215816497802734e-01,4.978436976671218872e-03
9.980422258377075195e-01,1.957789994776248932e-03
1.413497775793075562e-01,8.586502075195312500e-01
1.332635406470217276e-06,9.999986886978149414e-01
7.784323692321777344e-01,2.215676903724670410e-01
9.251866140402853489e-05,9.999074935913085938e-01
4.584170412272214890e-03,9.954158067703247070e-01
9.957048296928405762e-01,4.295236431062221527e-03
1.391161382198333740e-01,8.608838319778442383e-01
9.992372989654541016e-01,7.626655278727412224e-04
1.802073419094085693e-01,8.197926878929138184e-01
1.481962907945444385e-08,1.000000000000000000e+00
1.327940914779901505e-02,9.867205619812011719e-01
9.969215989112854004e-01,3.078422509133815765e-03
3.018076455418849946e-08,1.000000000000000000e+00
5.609149229712784290e-05,9.999438524246215820e-01
2.807432247209362686e-05,9.999718666076660156e-01
9.999974966049194336e-01,2.561316705396166071e-06
1.550227310508489609e-02,9.844977259635925293e-01
9.926832318305969238e-01,7.316823117434978485e-03
9.999397993087768555e-01,6.019539432600140572e-05
3.983306288719177246e-01,6.016693711280822754e-01
9.977066516876220703e-01,2.293324796482920647e-03
9.014458395540714264e-03,9.909855127334594727e-01
1.655143648386001587e-01,8.344855904579162598e-01
9.998214840888977051e-01,1.784942869562655687e-04
9.998323917388916016e-01,1.675707462709397078e-04
9.660887122154235840e-01,3.391126915812492371e-02
3.245148658752441406e-01,6.754851341247558594e-01
9.985734224319458008e-01,1.426606439054012299e-03
9.956510663032531738e-01,4.348980262875556946e-03
1.692868972895666957e-04,9.998307228088378906e-01
9.999998807907104492e-01,1.718452153909311164e-07
1.003458123705058824e-06,9.999990463256835938e-01
6.893913391536887758e-12,1.000000000000000000e+00
9.998337030410766602e-01,1.662856229813769460e-04
8.976339101791381836e-01,1.023661270737648010e-01
2.117437720298767090e-01,7.882561683654785156e-01
9.991752505302429199e-01,8.247708901762962341e-04
1.312180319956723906e-08,1.000000000000000000e+00
9.997019171714782715e-01,2.980900171678513288e-04
1.064470270648598671e-04,9.998935461044311523e-01
6.108187449171964545e-07,9.999994039535522461e-01
6.316163539886474609e-01,3.683836162090301514e-01
5.085935845272615552e-05,9.999490976333618164e-01
9.824516382650472224e-07,9.999990463256835938e-01
9.861410856246948242e-01,1.385895535349845886e-02
8.497496135532855988e-03,9.915025234222412109e-01
9.784249067306518555e-01,2.157512865960597992e-02
1.407068111802800559e-06,9.999985694885253906e-01
3.184066372341476381e-05,9.999681711196899414e-01
3.205844461917877197e-01,6.794155836105346680e-01
1.728789902699645609e-05,9.999827146530151367e-01
3.216701904840135740e-10,1.000000000000000000e+00
1.247331601916812360e-05,9.999874830245971680e-01
9.999837875366210938e-01,1.616511872271075845e-05
9.538403153419494629e-01,4.615968465805053711e-02
8.923015594482421875e-01,1.076984405517578125e-01
2.198005313402973115e-05,9.999780654907226562e-01
1.181393954902887344e-02,9.881861209869384766e-01
9.437057375907897949e-01,5.629419907927513123e-02
8.167151361703872681e-02,9.183284640312194824e-01
2.485507284291088581e-04,9.997513890266418457e-01
4.536988562620081211e-09,1.000000000000000000e+00
1.111925579607486725e-03,9.988880753517150879e-01
6.684883264824748039e-04,9.993315935134887695e-01
9.999183416366577148e-01,8.170767250703647733e-05
2.913210354745388031e-02,9.708678722381591797e-01
1.881356467492878437e-03,9.981185793876647949e-01
7.304269075393676758e-01,2.695731222629547119e-01
3.390179481357336044e-03,9.966097474098205566e-01
2.993345260620117188e-04,9.997006654739379883e-01
7.891013176219985326e-09,1.000000000000000000e+00
3.104126453399658203e-01,6.895873546600341797e-01
9.815536737442016602e-01,1.844633743166923523e-02
5.518224090337753296e-03,9.944818019866943359e-01
2.815344929695129395e-01,7.184655070304870605e-01
9.949288368225097656e-01,5.071190185844898224e-03
6.878057122230529785e-02,9.312193989753723145e-01
7.850829362869262695e-01,2.149170637130737305e-01
1.262454837560653687e-01,8.737545609474182129e-01
1.666590422391891479e-01,8.333409428596496582e-01
9.303204417228698730e-01,6.967964023351669312e-02
6.289039850234985352e-01,3.710960447788238525e-01
9.987094402313232422e-01,1.290508895181119442e-03
1.917054905788972974e-04,9.998083710670471191e-01
2.283636294305324554e-02,9.771636724472045898e-01
1.261547356843948364e-01,8.738452792167663574e-01
9.813036918640136719e-01,1.869627460837364197e-02
4.379793405532836914e-01,5.620206594467163086e-01
2.182514816522598267e-01,7.817485332489013672e-01
9.999719858169555664e-01,2.801057053147815168e-05
8.035469055175781250e-02,9.196453094482421875e-01
2.233073173556476831e-04,9.997766613960266113e-01
5.471277981996536255e-02,9.452871680259704590e-01
7.026520324870944023e-04,9.992973804473876953e-01
1.318583451211452484e-02,9.868141412734985352e-01
1.105093474507157225e-07,9.999998807907104492e-01
4.780400544404983521e-03,9.952195286750793457e-01
6.824743650213349611e-06,9.999932050704956055e-01
4.087415873073041439e-04,9.995912909507751465e-01
1.741975545883178711e-02,9.825802445411682129e-01
9.992083907127380371e-01,7.916749455034732819e-04
2.712160039664013311e-06,9.999972581863403320e-01
7.683254807488992810e-06,9.999923706054687500e-01
2.920149709098041058e-04,9.997079968452453613e-01
5.266245040047579096e-08,1.000000000000000000e+00
1.093429978936910629e-03,9.989066123962402344e-01
1.484333552070893347e-05,9.999850988388061523e-01
8.402990698814392090e-01,1.597009301185607910e-01
9.135189652442932129e-01,8.648104220628738403e-02
8.703279495239257812e-01,1.296720206737518311e-01
6.462626904249191284e-02,9.353736639022827148e-01
4.676459866459481418e-06,9.999953508377075195e-01
9.598375558853149414e-01,4.016245529055595398e-02
1.188482019642833620e-05,9.999880790710449219e-01
9.990251064300537109e-01,9.748599259182810783e-04
2.180543392896652222e-01,7.819456458091735840e-01
9.995540976524353027e-01,4.458265320863574743e-04
1.061537524549294176e-09,1.000000000000000000e+00
9.926889538764953613e-01,7.311047986149787903e-03
7.613062858581542969e-02,9.238693714141845703e-01
3.149147054237744214e-10,1.000000000000000000e+00
9.859469532966613770e-01,1.405312586575746536e-02
9.183411020785570145e-05,9.999082088470458984e-01
3.304602103071374586e-08,1.000000000000000000e+00
6.640564799308776855e-01,3.359434902667999268e-01
4.441466361360113524e-10,1.000000000000000000e+00
8.121432983898557723e-06,9.999918937683105469e-01
6.747710704803466797e-01,3.252289593219757080e-01
5.511223935172893107e-05,9.999449253082275391e-01
9.896160364151000977e-01,1.038393191993236542e-02
9.993451237678527832e-01,6.548288511112332344e-04
9.801274538040161133e-01,1.987251825630664825e-02
9.997145533561706543e-01,2.854825579561293125e-04
8.981875181198120117e-01,1.018124893307685852e-01
1.097473502159118652e-01,8.902527093887329102e-01
1.394250034536526073e-06,9.999985694885253906e-01
9.847287535667419434e-01,1.527119148522615433e-02
9.893531682791945059e-08,9.999998807907104492e-01
2.945599518716335297e-02,9.705440402030944824e-01
8.613113760948181152e-01,1.386886388063430786e-01
8.872310630977153778e-03,9.911276698112487793e-01
8.741781115531921387e-01,1.258219033479690552e-01
9.999305009841918945e-01,6.954219861654564738e-05
9.999672174453735352e-01,3.276279312558472157e-05
9.078869223594665527e-01,9.211310744285583496e-02
9.926591515541076660e-01,7.340891286730766296e-03
4.642925690859556198e-03,9.953570961952209473e-01
1.054446929771302166e-08,1.000000000000000000e+00
3.533752988005289808e-07,9.999996423721313477e-01
4.547738730907440186e-01,5.452260971069335938e-01
9.995199441909790039e-01,4.800425085704773664e-04
1.311057040709329158e-08,1.000000000000000000e+00
9.997301697731018066e-01,2.698195457924157381e-04
9.758668541908264160e-01,2.413310483098030090e-02
2.326208911836147308e-02,9.767379164695739746e-01
5.708233802579343319e-04,9.994291663169860840e-01
9.995608925819396973e-01,4.390993271954357624e-04
2.861566469073295593e-02,9.713843464851379395e-01
9.108303189277648926e-01,8.916970342397689819e-02
1.926494240760803223e-01,8.073505759239196777e-01
1.841003308072686195e-03,9.981589913368225098e-01
9.901543855667114258e-01,9.845545515418052673e-03
9.515274763107299805e-01,4.847259819507598877e-02
2.325644018128514290e-03,9.976744055747985840e-01
9.989950060844421387e-01,1.005022786557674408e-03
1.693765372037887573e-01,8.306235074996948242e-01
1.029851759426492208e-08,1.000000000000000000e+00
9.672159552574157715e-01,3.278407081961631775e-02
7.718827128410339355e-01,2.281173467636108398e-01
9.834631085395812988e-01,1.653684303164482117e-02
2.316866812179796398e-05,9.999768733978271484e-01
4.148072600364685059e-01,5.851927399635314941e-01
3.444915404543280602e-03,9.965550899505615234e-01
9.995138645172119141e-01,4.860897315666079521e-04
9.990648627281188965e-01,9.351938497275114059e-04
3.401421010494232178e-03,9.965985417366027832e-01
1.570407859981060028e-02,9.842959642410278320e-01
3.830663487315177917e-02,9.616933465003967285e-01
9.933079481124877930e-01,6.692080758512020111e-03
3.568647953215986490e-04,9.996430873870849609e-01
3.681674972176551819e-02,9.631832838058471680e-01
9.968991279602050781e-01,3.100868547335267067e-03
7.178767025470733643e-02,9.282124042510986328e-01
2.125619053840637207e-01,7.874380946159362793e-01
3.868148894980549812e-03,9.961318969726562500e-01
9.454330205917358398e-01,5.456699430942535400e-02
1.701166765997186303e-04,9.998298883438110352e-01
8.783043362200260162e-03,9.912170171737670898e-01
3.285505954409018159e-05,9.999670982360839844e-01
3.572977504973096075e-07,9.999996423721313477e-01
6.477467715740203857e-02,9.352253079414367676e-01
1.169372051954269409e-01,8.830627799034118652e-01
5.002225190401077271e-02,9.499778151512145996e-01
9.965659976005554199e-01,3.434085519984364510e-03
5.740227103233337402e-01,4.259773492813110352e-01
9.995120763778686523e-01,4.879313055425882339e-04
5.901391804218292236e-02,9.409860968589782715e-01
7.315260171890258789e-01,2.684739530086517334e-01
8.360924720764160156e-01,1.639074981212615967e-01
9.449596405029296875e-01,5.504034459590911865e-02
9.985703229904174805e-01,1.429648720659315586e-03
9.338920712471008301e-01,6.610789895057678223e-02
9.703612327575683594e-01,2.963871695101261139e-02
5.892077833414077759e-02,9.410791993141174316e-01
1.178410002466989681e-06,9.999988079071044922e-01
9.977892637252807617e-01,2.210770966485142708e-03
9.496595859527587891e-01,5.034041404724121094e-02
3.832828383565356489e-07,9.999996423721313477e-01
1.987275332212448120e-01,8.012724518775939941e-01
2.163861645385622978e-03,9.978361725807189941e-01
1.636762026464566588e-04,9.998363256454467773e-01
2.414164692163467407e-02,9.758583307266235352e-01
1.579716044943779707e-04,9.998420476913452148e-01
3.609611303545534611e-04,9.996390342712402344e-01
9.946954846382141113e-01,5.304520949721336365e-03
7.734034210443496704e-03,9.922659993171691895e-01
9.997844099998474121e-01,2.156103582819923759e-04
9.998044371604919434e-01,1.955282932613044977e-04
9.997597336769104004e-01,2.402318350505083799e-04
9.843649864196777344e-01,1.563498005270957947e-02
2.741478056123014539e-06,9.999972581863403320e-01
9.985470175743103027e-01,1.452979049645364285e-03
9.423462748527526855e-01,5.765379592776298523e-02
9.998130202293395996e-01,1.869646512204781175e-04
1.780935227870941162e-01,8.219065070152282715e-01
9.993234872817993164e-01,6.765139987692236900e-04
9.957398176193237305e-01,4.260251764208078384e-03
3.622394800186157227e-02,9.637759923934936523e-01
9.920768737792968750e-01,7.923186756670475006e-03
1.682957559823989868e-01,8.317042589187622070e-01
2.514504361897706985e-03,9.974855184555053711e-01
7.990669608116149902e-01,2.009330391883850098e-01
4.220050323056057096e-05,9.999577999114990234e-01
6.336732185445725918e-04,9.993663430213928223e-01
9.946178793907165527e-01,5.382119212299585342e-03
5.042532086372375488e-01,4.957467913627624512e-01
4.195220826659351587e-04,9.995804429054260254e-01
9.916071891784667969e-01,8.392834104597568512e-03
9.453228712081909180e-01,5.467718467116355896e-02
3.185055220455978997e-06,9.999967813491821289e-01
8.180438876152038574e-01,1.819561570882797241e-01
5.522625870071351528e-04,9.994477629661560059e-01
4.544145464897155762e-01,5.455853939056396484e-01
7.201136946678161621e-01,2.798863053321838379e-01
8.829370141029357910e-02,9.117063283920288086e-01
9.907593727111816406e-01,9.240654297173023224e-03
2.384996563196182251e-01,7.615003585815429688e-01
9.998037219047546387e-01,1.963518443517386913e-04
9.983012676239013672e-01,1.698680222034454346e-03
1.468383939936757088e-03,9.985315799713134766e-01
9.861859083175659180e-01,1.381402090191841125e-02
2.043862454593181610e-02,9.795613884925842285e-01
5.867515206336975098e-01,4.132484495639801025e-01
3.612817227840423584e-01,6.387183070182800293e-01
1.532405917714640964e-06,9.999984502792358398e-01
2.454992511502496200e-07,9.999997615814208984e-01
9.998456239700317383e-01,1.543271791888400912e-04
6.440390716306865215e-04,9.993559718132019043e-01
9.770589531399309635e-05,9.999022483825683594e-01
9.854876399040222168e-01,1.451238803565502167e-02
9.903281331062316895e-01,9.671915322542190552e-03
8.430497348308563232e-02,9.156950116157531738e-01
7.263339757919311523e-01,2.736660838127136230e-01
3.308545798063278198e-03,9.966914653778076172e-01
2.173058688640594482e-03,9.978268742561340332e-01
1.332922372967004776e-02,9.866707921028137207e-01
9.314748048782348633e-01,6.852520257234573364e-02
7.489668973903462756e-07,9.999992847442626953e-01
9.929139614105224609e-01,7.086060941219329834e-03
3.172492841258645058e-03,9.968275427818298340e-01
9.230090824985381914e-08,9.999998807907104492e-01
9.561172191752120852e-06,9.999904632568359375e-01
9.970749616622924805e-01,2.925022039562463760e-03
2.934008464217185974e-02,9.706599116325378418e-01
4.614842691808007658e-05,9.999538660049438477e-01
9.975080490112304688e-01,2.491940744221210480e-03
2.342124432325363159e-01,7.657875418663024902e-01
9.293805360794067383e-01,7.061944156885147095e-02
4.706070125102996826e-01,5.293930172920227051e-01
4.655553809129742149e-08,1.000000000000000000e+00
1.202999465022003278e-05,9.999879598617553711e-01
9.263111352920532227e-01,7.368884980678558350e-02
8.321015834808349609e-01,1.678984314203262329e-01
3.475647645245771855e-07,9.999996423721313477e-01
9.999923706054687500e-01,7.598871434311149642e-06
9.860379099845886230e-01,1.396213658154010773e-02
9.915651082992553711e-01,8.434896357357501984e-03
9.249019026756286621e-01,7.509810477495193481e-02
7.776972651481628418e-01,2.223028093576431274e-01
1.958279404789209366e-03,9.980417490005493164e-01
3.263654652982950211e-03,9.967363476753234863e-01
4.665083451982354745e-06,9.999953508377075195e-01
4.213960468769073486e-01,5.786040425300598145e-01
3.794314563274383545e-01,6.205685734748840332e-01
4.264970954181990237e-08,1.000000000000000000e+00
9.994323849678039551e-01,5.675687571056187153e-04
9.922056794166564941e-01,7.794353179633617401e-03
9.825516939163208008e-01,1.744825392961502075e-02
2.442445747874444351e-06,9.999976158142089844e-01
2.502466142177581787e-01,7.497533559799194336e-01
3.911630486186368216e-08,1.000000000000000000e+00
2.140802703797817230e-02,9.785919785499572754e-01
4.145312905311584473e-01,5.854686498641967773e-01
6.040203943848609924e-02,9.395979046821594238e-01
1.496718027738097589e-06,9.999984502792358398e-01
9.995464682579040527e-01,4.535212647169828415e-04
9.150065183639526367e-01,8.499344438314437866e-02
9.999308586120605469e-01,6.907920032972469926e-05
3.654092779470374808e-06,9.999963045120239258e-01
2.402383415756048635e-06,9.999976158142089844e-01
7.289292216300964355e-01,2.710707485675811768e-01
2.267226725816726685e-01,7.732772827148437500e-01
9.880907535552978516e-01,1.190919522196054459e-02
9.987995624542236328e-01,1.200444065034389496e-03
3.128369897603988647e-02,9.687163829803466797e-01
9.472513794898986816e-01,5.274863168597221375e-02
2.444028388708829880e-03,9.975559711456298828e-01
9.898266171148861758e-07,9.999990463256835938e-01
1.817988533048264799e-07,9.999997615814208984e-01
9.337669238448143005e-03,9.906623959541320801e-01
9.864027379080653191e-05,9.999012947082519531e-01
2.566063031554222107e-02,9.743393659591674805e-01
4.507979750633239746e-02,9.549201726913452148e-01
9.233535528182983398e-01,7.664647698402404785e-02
9.986853003501892090e-01,1.314715831540524960e-03
8.924015164375305176e-01,1.075985431671142578e-01
6.344188451766967773e-01,3.655811846256256104e-01
1.657066051848232746e-03,9.983428716659545898e-01
2.365732143516652286e-08,1.000000000000000000e+00
3.544567562130396254e-06,9.999964237213134766e-01
9.696028232574462891e-01,3.039723448455333710e-02
3.284901380538940430e-02,9.671509861946105957e-01
9.993247985839843750e-01,6.752409390173852444e-04
9.980505704879760742e-01,1.949411351233720779e-03
8.618319034576416016e-01,1.381681412458419800e-01
5.420965701341629028e-02,9.457903504371643066e-01
2.001048660105197996e-09,1.000000000000000000e+00
6.858188509941101074e-01,3.141811192035675049e-01
2.136340131983160973e-03,9.978637099266052246e-01
1.186857521533966064e-01,8.813142180442810059e-01
9.931803941726684570e-01,6.819657981395721436e-03
2.931309863924980164e-02,9.706868529319763184e-01
1.623168936930596828e-04,9.998376369476318359e-01
9.997269511222839355e-01,2.729757688939571381e-04
9.979804158210754395e-01,2.019569277763366699e-03
6.424616913136560470e-06,9.999935626983642578e-01
5.422281446954002604e-06,9.999946355819702148e-01
3.652346786111593246e-04,9.996347427368164062e-01
9.001457691192626953e-01,9.985417127609252930e-02
1.500110956840217113e-04,9.998499155044555664e-01
9.688574671745300293e-01,3.114261105656623840e-02
9.989770650863647461e-01,1.022903597913682461e-03
3.163622068313998170e-06,9.999967813491821289e-01
2.079614924710426749e-09,1.000000000000000000e+00
9.809022303670644760e-04,9.990191459655761719e-01
9.431661963462829590e-01,5.683375522494316101e-02
6.174726784229278564e-02,9.382527470588684082e-01
1.106745330616831779e-03,9.988933205604553223e-01
4.477909803390502930e-01,5.522090196609497070e-01
7.281967401504516602e-01,2.718032896518707275e-01
1.242810394614934921e-04,9.998756647109985352e-01
9.998675584793090820e-01,1.324035838479176164e-04
1.312205858994275331e-04,9.998687505722045898e-01
3.407485187053680420e-01,6.592514514923095703e-01
3.084341762587428093e-03,9.969156980514526367e-01
8.278433084487915039e-01,1.721566915512084961e-01
7.393253594636917114e-02,9.260674715042114258e-01
9.993769526481628418e-01,6.230809376575052738e-04
9.875878691673278809e-01,1.241214852780103683e-02
9.855251908302307129e-01,1.447477750480175018e-02
4.039713239762932062e-04,9.995960593223571777e-01
9.982436895370483398e-01,1.756271347403526306e-03
9.985418319702148438e-01,1.458151964470744133e-03
9.999926090240478516e-01,7.411499154841294512e-06
7.640290856361389160e-01,2.359708547592163086e-01
2.064517512917518616e-02,9.793548583984375000e-01
9.715302586555480957e-01,2.846979163587093353e-02
7.761246562004089355e-01,2.238754332065582275e-01
2.524099329548334936e-07,9.999997615814208984e-01
9.938197731971740723e-01,6.180216092616319656e-03
8.287795782089233398e-01,1.712203472852706909e-01
8.526458987034857273e-05,9.999147653579711914e-01
1.010474283248186111e-02,9.898952841758728027e-01
5.312660505296662450e-06,9.999946355819702148e-01
5.377420464469651051e-08,1.000000000000000000e+00
8.099418482743203640e-04,9.991900324821472168e-01
4.918755394101026468e-07,9.999995231628417969e-01
9.999462366104125977e-01,5.376903209253214300e-05
3.125810055237820961e-09,1.000000000000000000e+00
9.999090433120727539e-01,9.091051470022648573e-05
4.422212441568262875e-06,9.999955892562866211e-01
5.802431868318080888e-09,1.000000000000000000e+00
3.665718832053244114e-04,9.996334314346313477e-01
3.603261138778179884e-04,9.996396303176879883e-01
9.966469407081604004e-01,3.352992469444870949e-03
2.754381966951768845e-06,9.999972581863403320e-01
1.296357550018001348e-05,9.999870061874389648e-01
9.994788765907287598e-01,5.211067618802189827e-04
2.162273600697517395e-02,9.783772826194763184e-01
8.393967436859384179e-05,9.999160766601562500e-01
2.035060198977589607e-03,9.979649782180786133e-01
3.921893221559002995e-05,9.999607801437377930e-01
9.475001096725463867e-01,5.249987170100212097e-02
9.674016833305358887e-01,3.259833157062530518e-02
1.114180684089660645e-02,9.888582229614257812e-01
9.744057059288024902e-01,2.559434622526168823e-02
1.863374263048171997e-01,8.136625885963439941e-01
4.906910930912999902e-07,9.999995231628417969e-01
3.517734631896018982e-02,9.648226499557495117e-01
4.660285077989101410e-03,9.953397512435913086e-01
8.047063350677490234e-01,1.952936947345733643e-01
2.088959718093974516e-06,9.999978542327880859e-01
9.842362403869628906e-01,1.576377451419830322e-02
5.590334534645080566e-01,4.409665465354919434e-01
9.996795654296875000e-01,3.204082022421061993e-04
1.603329926729202271e-01,8.396669626235961914e-01
6.294559170783031732e-06,9.999936819076538086e-01
9.793778061866760254e-01,2.062222547829151154e-02
9.965798258781433105e-01,3.420174121856689453e-03
6.275346875190734863e-02,9.372465610504150391e-01
9.950425624847412109e-01,4.957366269081830978e-03
4.890946001978591084e-06,9.999951124191284180e-01
9.725062847137451172e-01,2.749366872012615204e-02
2.077059616567566991e-04,9.997922778129577637e-01
1.020807656459510326e-03,9.989792108535766602e-01
9.999763965606689453e-01,2.366126682318281382e-05
3.235098847653716803e-04,9.996764659881591797e-01
9.986146688461303711e-01,1.385370385833084583e-03
3.938246227335184813e-04,9.996061921119689941e-01
1.224181577563285828e-01,8.775818347930908203e-01
2.796434046103968285e-06,9.999972581863403320e-01
9.740754365921020508e-01,2.592462114989757538e-02
1.636075675487518311e-01,8.363924622535705566e-01
7.562111022707540542e-06,9.999924898147583008e-01
2.039712853729724884e-03,9.979603290557861328e-01
9.981678724288940430e-01,1.832089852541685104e-03
4.296733736991882324e-01,5.703266263008117676e-01
4.846908985278730597e-10,1.000000000000000000e+00
9.994137287139892578e-01,5.863212281838059425e-04
1.257786124142512563e-07,9.999998807907104492e-01
3.379408419132232666e-01,6.620591878890991211e-01
9.998946189880371094e-01,1.053908708854578435e-04
9.999816417694091797e-01,1.830176006478723139e-05
2.280631288886070251e-02,9.771937131881713867e-01
9.999437332153320312e-01,5.628256258205510676e-05
7.202406413853168488e-04,9.992797970771789551e-01
1.521835220046341419e-03,9.984781146049499512e-01
9.999151229858398438e-01,8.492029883200302720e-05
9.987773299217224121e-01,1.222604769282042980e-03
9.555971026420593262e-01,4.440292716026306152e-02
2.976833229695330374e-06,9.999970197677612305e-01
1.180271524958698137e-08,1.000000000000000000e+00
9.340836405754089355e-01,6.591638922691345215e-02
4.118547565212793415e-07,9.999996423721313477e-01
1.969808479771018028e-03,9.980301260948181152e-01
9.573541283607482910e-01,4.264584556221961975e-02
5.948178172111511230e-01,4.051821827888488770e-01
9.658927917480468750e-01,3.410714492201805115e-02
2.350466843381582294e-08,1.000000000000000000e+00
1.662478098296560347e-05,9.999834299087524414e-01
8.199167437851428986e-03,9.918008446693420410e-01
9.882148504257202148e-01,1.178510300815105438e-02
9.945313334465026855e-01,5.468657240271568298e-03
9.548605084419250488e-01,4.513950645923614502e-02
3.480423416135636216e-08,1.000000000000000000e+00
9.766058064997196198e-04,9.990234375000000000e-01
1.334176049567759037e-04,9.998666048049926758e-01
3.363421885296702385e-03,9.966365098953247070e-01
1.401718182023614645e-04,9.998598098754882812e-01
4.182838648557662964e-02,9.581715464591979980e-01
9.569945931434631348e-01,4.300536587834358215e-02
6.611687690019607544e-02,9.338831305503845215e-01
1.239677891135215759e-03,9.987603425979614258e-01
9.995428323745727539e-01,4.571812460198998451e-04
9.997273087501525879e-01,2.726896491367369890e-04
5.274427239783108234e-04,9.994725584983825684e-01
4.912362783215939999e-04,9.995087385177612305e-01
9.668079614639282227e-01,3.319202736020088196e-02
4.073413947480730712e-05,9.999592304229736328e-01
4.852698839385993779e-05,9.999514818191528320e-01
3.058167174458503723e-03,9.969418644905090332e-01
9.999982118606567383e-01,1.844380449256277643e-06
1.943067040599544271e-09,1.000000000000000000e+00
2.784881889820098877e-01,7.215117812156677246e-01
2.443190068006515503e-01,7.556810379028320312e-01
9.512523538433015347e-04,9.990487694740295410e-01
1.380847543478012085e-01,8.619152307510375977e-01
4.923553168773651123e-01,5.076445937156677246e-01
3.153781965374946594e-02,9.684621691703796387e-01
1.366858759865863249e-05,9.999862909317016602e-01
5.538197234272956848e-03,9.944618344306945801e-01
1.591050677234306931e-04,9.998408555984497070e-01
5.236195192992454395e-06,9.999947547912597656e-01
1.299596428871154785e-01,8.700403571128845215e-01
9.248725771903991699e-01,7.512742280960083008e-02
4.137009382247924805e-01,5.862990617752075195e-01
9.972895383834838867e-01,2.710452303290367126e-03
1.044953148812055588e-02,9.895504117012023926e-01
9.330078319180756807e-05,9.999066591262817383e-01
2.681784033775329590e-01,7.318215966224670410e-01
1.368817379443498794e-06,9.999986886978149414e-01
1.226488873362541199e-01,8.773510456085205078e-01
9.108830690383911133e-01,8.911700546741485596e-02
9.327412843704223633e-01,6.725873798131942749e-02
8.870709538459777832e-01,1.129290461540222168e-01
9.616864323616027832e-01,3.831361234188079834e-02
9.027650356292724609e-01,9.723504632711410522e-02
4.377133882371708751e-05,9.999562501907348633e-01
1.893119513988494873e-01,8.106880187988281250e-01
3.118176891803159378e-06,9.999969005584716797e-01
9.977703094482421875e-01,2.229680307209491730e-03
9.628472328186035156e-01,3.715278953313827515e-02
3.154125297442078590e-04,9.996845722198486328e-01
3.764382097870111465e-03,9.962356686592102051e-01
9.969139099121093750e-01,3.086023498326539993e-03
9.993358254432678223e-01,6.640946376137435436e-04
8.367450209334492683e-05,9.999163150787353516e-01
9.990980625152587891e-01,9.020139113999903202e-04
9.983573555946350098e-01,1.642593648284673691e-03
9.998478889465332031e-01,1.520824735052883625e-04
5.978965014219284058e-02,9.402102828025817871e-01
9.998278617858886719e-01,1.721025764709338546e-04
8.454564809799194336e-01,1.545435786247253418e-01
4.156251816311851144e-05,9.999583959579467773e-01
9.658989310264587402e-01,3.410105034708976746e-02
9.345132708549499512e-01,6.548675894737243652e-02
9.999792575836181641e-01,2.072804272756911814e-05
6.492301821708679199e-02,9.350769519805908203e-01
1.922581031976733357e-05,9.999808073043823242e-01
9.996538162231445312e-01,3.461301384959369898e-04
9.999787807464599609e-01,2.121306897606700659e-05
5.313641950488090515e-02,9.468635320663452148e-01
3.351442748680710793e-03,9.966486096382141113e-01
2.677824159036390483e-05,9.999731779098510742e-01
3.893317189067602158e-04,9.996107220649719238e-01
1.395861818309640512e-05,9.999860525131225586e-01
3.753733588382601738e-03,9.962462782859802246e-01
2.151768095791339874e-02,9.784823060035705566e-01
2.400924265384674072e-01,7.599075436592102051e-01
5.990666068100836128e-06,9.999940395355224609e-01
1.470545306801795959e-03,9.985294342041015625e-01
9.986135959625244141e-01,1.386425690725445747e-03
9.986104965209960938e-01,1.389472396112978458e-03
1.481654180679470301e-06,9.999985694885253906e-01
1.103275688365101814e-03,9.988967180252075195e-01
2.158472314476966858e-03,9.978414773941040039e-01
1.345894485712051392e-01,8.654105663299560547e-01
6.485864560090703890e-06,9.999935626983642578e-01
7.953804731369018555e-01,2.046195566654205322e-01
7.151618599891662598e-02,9.284838438034057617e-01
7.826533168554306030e-02,9.217346906661987305e-01
9.610596407583216205e-07,9.999990463256835938e-01
2.074423900921829045e-05,9.999792575836181641e-01
9.945915341377258301e-01,5.408487748354673386e-03
6.195151945576071739e-05,9.999380111694335938e-01
9.925314784049987793e-01,7.468496914952993393e-03
9.979116320610046387e-01,2.088387729600071907e-03
1.092145822667589528e-07,9.999998807907104492e-01
1.190382638014853001e-03,9.988095760345458984e-01
2.475014771334826946e-04,9.997524619102478027e-01
3.005494475364685059e-01,6.994504928588867188e-01
8.284921646118164062e-01,1.715078353881835938e-01
9.999412298202514648e-01,5.877419607713818550e-05
9.993662238121032715e-01,6.337420782074332237e-04
2.301052006714598974e-07,9.999997615814208984e-01
1.522105867479695007e-05,9.999847412109375000e-01
9.496515393257141113e-01,5.034850537776947021e-02
9.999862909317016602e-01,1.374143994326004758e-05
4.878197046309651341e-08,1.000000000000000000e+00
2.502368018031120300e-02,9.749762415885925293e-01
9.883401393890380859e-01,1.165981683880090714e-02
4.262309372425079346e-01,5.737690329551696777e-01
2.060386323137208819e-04,9.997939467430114746e-01
3.526176442392170429e-05,9.999647140502929688e-01
3.433244526386260986e-01,6.566756367683410645e-01
2.115185186266899109e-02,9.788480997085571289e-01
1.490954309701919556e-02,9.850904941558837891e-01
1.876506954431533813e-03,9.981234669685363770e-01
6.364910223055630922e-05,9.999363422393798828e-01
9.771480560302734375e-01,2.285189740359783173e-02
1.497504272265359759e-04,9.998502731323242188e-01
9.996627569198608398e-01,3.372876963112503290e-04
1.324236187372207496e-08,1.000000000000000000e+00
1.089598936232505366e-05,9.999891519546508789e-01
4.827989136951815752e-12,1.000000000000000000e+00
3.837229087366722524e-05,9.999616146087646484e-01
9.793815612792968750e-01,2.061844058334827423e-02
7.144970353692770004e-03,9.928550124168395996e-01
5.878242198377847672e-03,9.941217303276062012e-01
9.968647360801696777e-01,3.135284408926963806e-03
1.520474825156270526e-06,9.999984502792358398e-01
1.065008789300918579e-01,8.934991955757141113e-01
8.412643074989318848e-01,1.587357521057128906e-01
1.659094959904905409e-05,9.999834299087524414e-01
7.927085476922002272e-08,9.999998807907104492e-01
7.001557969488203526e-05,9.999300241470336914e-01
8.301041088998317719e-05,9.999170303344726562e-01
9.531053304672241211e-01,4.689460992813110352e-02
7.571740448474884033e-02,9.242826104164123535e-01
9.979707598686218262e-01,2.029181458055973053e-03
2.795115028320083184e-09,1.000000000000000000e+00
2.243573399027809501e-04,9.997757077217102051e-01
2.740673953667283058e-04,9.997258782386779785e-01
3.357120931468671188e-06,9.999966621398925781e-01
1.371207908960059285e-04,9.998629093170166016e-01
1.044840792019385844e-05,9.999895095825195312e-01
3.339004024383029900e-06,9.999966621398925781e-01
9.407869540154933929e-03,9.905921816825866699e-01
9.892225265502929688e-01,1.077747903764247894e-02
3.519636493365396746e-08,1.000000000000000000e+00
9.454594925045967102e-03,9.905453920364379883e-01
1.176204114017309621e-05,9.999881982803344727e-01
9.824173450469970703e-01,1.758269965648651123e-02
7.081211805343627930e-01,2.918788492679595947e-01
1.293286455705811022e-08,1.000000000000000000e+00
1.035088859498500824e-02,9.896490573883056641e-01
2.640519269903052191e-08,1.000000000000000000e+00
1.089648430934175849e-04,9.998910427093505859e-01
7.206120062619447708e-03,9.927939176559448242e-01
9.472279250621795654e-02,9.052771925926208496e-01
9.964573979377746582e-01,3.542548744007945061e-03
9.634698033332824707e-01,3.653014078736305237e-02
2.823995544076751685e-07,9.999997615814208984e-01
6.146257743239402771e-03,9.938538074493408203e-01
3.203034066245891154e-05,9.999679327011108398e-01
5.912313554290449247e-06,9.999940395355224609e-01
5.307499319314956665e-02,9.469250440597534180e-01
7.590720057487487793e-02,9.240928292274475098e-01
9.469485282897949219e-01,5.305141210556030273e-02
4.193950910121202469e-03,9.958059787750244141e-01
1.429159343242645264e-01,8.570840358734130859e-01
1.410941319335279331e-08,1.000000000000000000e+00
2.885153808165341616e-04,9.997114539146423340e-01
1.089570832846220583e-05,9.999891519546508789e-01
9.346486185677349567e-04,9.990653395652770996e-01
1.082376286376529606e-07,9.999998807907104492e-01
9.917279481887817383e-01,8.272055536508560181e-03
2.043746462732087821e-05,9.999796152114868164e-01
9.176769256591796875e-01,8.232308179140090942e-02
3.413600279600359499e-05,9.999659061431884766e-01
3.277532596257515252e-05,9.999672174453735352e-01
9.948404431343078613e-01,5.159566644579172134e-03
9.577575922012329102e-01,4.224238917231559753e-02
8.583334684371948242e-01,1.416664868593215942e-01
1.275696413358673453e-04,9.998724460601806641e-01
8.355958759784698486e-02,9.164404273033142090e-01
4.090437665581703186e-02,9.590955972671508789e-01
1.328926941823738161e-06,9.999986886978149414e-01
9.764649271965026855e-01,2.353507094085216522e-02
2.754432382062077522e-03,9.972455501556396484e-01
9.897973537445068359e-01,1.020258944481611252e-02
1.144918985664844513e-02,9.885508418083190918e-01
9.652252793312072754e-01,3.477473556995391846e-02
9.677509069442749023e-01,3.224905580282211304e-02
8.298803567886352539e-01,1.701196730136871338e-01
2.787369536235928535e-03,9.972125887870788574e-01
9.988665580749511719e-01,1.133489189669489861e-03
1.000898703932762146e-02,9.899910688400268555e-01
7.635598778724670410e-01,2.364401221275329590e-01
9.879952073097229004e-01,1.200478337705135345e-02
8.408201858401298523e-03,9.915918111801147461e-01
2.359954123676288873e-05,9.999763965606689453e-01
4.105799272656440735e-02,9.589419960975646973e-01
9.138283729553222656e-01,8.617159724235534668e-02
8.451004396192729473e-04,9.991549253463745117e-01
8.592449739808216691e-05,9.999140501022338867e-01
2.169604226946830750e-02,9.783039093017578125e-01
1.634805630601476878e-05,9.999836683273315430e-01
5.031839013099670410e-01,4.968161284923553467e-01
3.120102046523243189e-04,9.996880292892456055e-01
8.300836086273193359e-01,1.699163913726806641e-01
9.999777078628540039e-01,2.224668969574850053e-05
1.329856459051370621e-03,9.986702203750610352e-01
4.699718952178955078e-01,5.300281643867492676e-01
6.622968316078186035e-01,3.377031981945037842e-01
9.316673278808593750e-01,6.833269447088241577e-02
3.921608731616288424e-05,9.999607801437377930e-01
6.510998673547874205e-07,9.999994039535522461e-01
4.024177906103432178e-05,9.999597072601318359e-01
4.194936627754941583e-05,9.999580383300781250e-01
9.997364878654479980e-01,2.634781121741980314e-04
2.374266649951550789e-08,1.000000000000000000e+00
1.351108512608334422e-04,9.998648166656494141e-01
9.983639121055603027e-01,1.636063912883400917e-03
1.643201708793640137e-01,8.356798887252807617e-01
2.448971372359665111e-07,9.999997615814208984e-01
6.215343996882438660e-02,9.378465414047241211e-01
8.293854594230651855e-01,1.706145405769348145e-01
4.330417141318321228e-05,9.999567270278930664e-01
9.883064776659011841e-03,9.901168942451477051e-01
4.838349521160125732e-01,5.161650180816650391e-01
2.165332203730940819e-03,9.978346228599548340e-01
2.021796285944787996e-09,1.000000000000000000e+00
9.682540595531463623e-02,9.031745791435241699e-01
9.224177483702078462e-05,9.999077320098876953e-01
7.013614689022062976e-11,1.000000000000000000e+00
3.599058091640472412e-02,9.640093445777893066e-01
9.882907867431640625e-01,1.170921046286821365e-02
7.142664253478869796e-05,9.999285936355590820e-01
4.601615071296691895e-01,5.398384332656860352e-01
1.362791750580072403e-03,9.986371397972106934e-01
9.213904738426208496e-01,7.860956341028213501e-02
2.661293365235906094e-06,9.999973773956298828e-01
9.909430146217346191e-01,9.057053364813327789e-03
7.338062673807144165e-02,9.266193509101867676e-01
2.682875283062458038e-02,9.731712937355041504e-01
9.982203841209411621e-01,1.779621117748320103e-03
4.259248264133930206e-03,9.957407712936401367e-01
9.974791407585144043e-01,2.520912326872348785e-03
9.999948740005493164e-01,5.083993983134860173e-06
9.997953772544860840e-01,2.046405279543250799e-04
3.578602373600006104e-01,6.421397328376770020e-01
4.184612407698296010e-06,9.999958276748657227e-01
9.960885047912597656e-01,3.911567386239767075e-03
2.348466515541076660e-01,7.651533484458923340e-01
3.228817284107208252e-01,6.771182417869567871e-01
6.042498862370848656e-04,9.993957281112670898e-01
9.935107827186584473e-01,6.489154417067766190e-03
2.276128530502319336e-02,9.772386550903320312e-01
9.966963529586791992e-01,3.303646575659513474e-03
2.816807864292059094e-05,9.999718666076660156e-01
1.571357302054821048e-06,9.999984502792358398e-01
2.197261713445186615e-02,9.780273437500000000e-01
8.239373414653528016e-07,9.999991655349731445e-01
1.037843176163733006e-04,9.998961687088012695e-01
5.205750130699016154e-05,9.999479055404663086e-01
9.999984502792358398e-01,1.539250433779670857e-06
1.199414964503375813e-05,9.999879598617553711e-01
9.981641173362731934e-01,1.835949253290891647e-03
1.899096446322801057e-06,9.999980926513671875e-01
5.662859082221984863e-01,4.337140917778015137e-01
1.393033198837656528e-05,9.999860525131225586e-01
9.696182012557983398e-01,3.038186207413673401e-02
1.282015205106290523e-07,9.999998807907104492e-01
9.757271612897966406e-08,9.999998807907104492e-01
1.933760358951985836e-03,9.980662465095520020e-01
1.610097499771256935e-09,1.000000000000000000e+00
1.189436949789524078e-02,9.881056547164916992e-01
5.155115127563476562e-01,4.844884872436523438e-01
9.984878301620483398e-01,1.512135961093008518e-03
9.999957084655761719e-01,4.286393050279002637e-06
5.880329556617880371e-10,1.000000000000000000e+00
2.890969653890351765e-06,9.999971389770507812e-01
3.422254696488380432e-03,9.965776801109313965e-01
5.955730102868983522e-06,9.999940395355224609e-01
8.252535462379455566e-01,1.747464984655380249e-01
1.274034380912780762e-03,9.987259507179260254e-01
8.067823052406311035e-01,1.932176649570465088e-01
9.932767152786254883e-01,6.723281927406787872e-03
4.435937735252082348e-04,9.995563626289367676e-01
9.998531341552734375e-01,1.467995170969516039e-04
9.982062578201293945e-01,1.793744158931076527e-03
5.134554579854011536e-03,9.948654770851135254e-01
8.730908632278442383e-01,1.269091963768005371e-01
1.240121899172663689e-03,9.987598657608032227e-01
2.643570478539913893e-04,9.997356534004211426e-01
9.992696642875671387e-01,7.303251768462359905e-04
9.312956929206848145e-01,6.870426237583160400e-02
9.932520985603332520e-01,6.747871171683073044e-03
2.261634364231213112e-07,9.999997615814208984e-01
6.462903022766113281e-01,3.537096679210662842e-01
1.381857828164356761e-08,1.000000000000000000e+00
1.440258056391030550e-04,9.998559951782226562e-01
9.659856557846069336e-01,3.401426970958709717e-02
9.997143149375915527e-01,2.856075007002800703e-04
9.870184659957885742e-01,1.298147626221179962e-02
1.234725118592905346e-06,9.999988079071044922e-01
6.318440660834312439e-03,9.936815500259399414e-01
2.234294265508651733e-01,7.765706181526184082e-01
4.703340586274862289e-03,9.952966570854187012e-01
3.993331847595982254e-05,9.999600648880004883e-01
6.749556632712483406e-05,9.999325275421142578e-01
1.363142814625462051e-06,9.999986886978149414e-01
7.840431928634643555e-01,2.159568220376968384e-01
7.709280252456665039e-01,2.290720194578170776e-01
9.926741719245910645e-01,7.325773593038320541e-03
9.816288948059082031e-01,1.837106049060821533e-02
4.596534743905067444e-02,9.540346264839172363e-01
9.996700286865234375e-01,3.299428499303758144e-04
1.420152402715757489e-04,9.998580217361450195e-01
3.354078216943889856e-04,9.996645450592041016e-01
8.103738655336201191e-04,9.991896748542785645e-01
9.141553640365600586e-01,8.584456145763397217e-02
9.991414546966552734e-01,8.585414034314453602e-04
6.177768707275390625e-01,3.822230994701385498e-01
9.999979734420776367e-01,1.974063934540026821e-06
8.244094252586364746e-01,1.755905598402023315e-01
1.450281342840753496e-05,9.999854564666748047e-01
1.040133181959390640e-03,9.989598989486694336e-01
3.161593675613403320e-01,6.838406324386596680e-01
9.717924594879150391e-01,2.820751443505287170e-02
9.957175850868225098e-01,4.282454028725624084e-03
4.234244823455810547e-01,5.765754580497741699e-01
9.368112046104215551e-07,9.999990463256835938e-01
1.767940921126864851e-05,9.999823570251464844e-01
6.286383271217346191e-01,3.713615834712982178e-01
9.993775486946105957e-01,6.224737153388559818e-04
9.928461909294128418e-01,7.153835147619247437e-03
1.857212773757055402e-04,9.998143315315246582e-01
1.266648013142912532e-07,9.999998807907104492e-01
3.233001828193664551e-01,6.766997575759887695e-01
4.972928436473011971e-04,9.995026588439941406e-01
9.688849449157714844e-01,3.111503645777702332e-02
1.419502217322587967e-02,9.858049750328063965e-01
9.974321722984313965e-01,2.567859599366784096e-03
2.186924451962113380e-03,9.978131055831909180e-01
1.256414316594600677e-02,9.874358177185058594e-01
7.444134950637817383e-01,2.555865645408630371e-01
8.413954377174377441e-01,1.586045771837234497e-01
7.948575913906097412e-02,9.205142855644226074e-01
3.153550380829983624e-07,9.999996423721313477e-01
5.181154847377911210e-07,9.999995231628417969e-01
4.185637831687927246e-02,9.581436514854431152e-01
1.965635921806097031e-03,9.980344176292419434e-01
5.739909829571843147e-04,9.994260072708129883e-01
4.229544196277856827e-03,9.957703948020935059e-01
1.012177020311355591e-01,8.987823724746704102e-01
9.990968704223632812e-01,9.031671215780079365e-04
7.727346420288085938e-01,2.272653877735137939e-01
5.610464722849428654e-04,9.994389414787292480e-01
2.393911825492978096e-03,9.976060390472412109e-01
2.003038860857486725e-02,9.799695611000061035e-01
1.013493388891220093e-01,8.986506462097167969e-01
1.075826585292816162e-01,8.924173712730407715e-01
1.310614334215642884e-05,9.999868869781494141e-01
3.087744861841201782e-02,9.691224694252014160e-01
8.611235022544860840e-01,1.388764828443527222e-01
3.960471600294113159e-03,9.960395097732543945e-01
4.316108673810958862e-02,9.568389654159545898e-01
2.151385706383734941e-05,9.999785423278808594e-01
9.846188426017761230e-01,1.538108941167593002e-02
5.520985446594295354e-09,1.000000000000000000e+00
4.789282320416532457e-05,9.999520778656005859e-01
